FIRST_TERM,COUNT,EXAMPLE,Preamble?,EXAMPLE_LOCATION
str,3445,strFileA,,projects/xbmc/lib/win32/Effects11/EffectAPI.cpp
gl,1804,glSource,,projects/xbmc/xbmc/utils/GLUtils.cpp
key,801,keyStr,N,projects/xbmc/xbmc/utils/EGLImage.cpp
swig,722,swigType,,projects/xbmc/xbmc/interfaces/python/swig.h
Curl,684,Curl_cookie_loadfiles,,projects/curl/lib/cookie.c
buffer,495,bufferSize,N,projects/xbmc/lib/win32/Effects11/d3dxGlobal.cpp
metadata,468,metadataException,N,projects/PowerShell/src/System.Management.Automation/engine/GetCommandCommand.cs
token,434,tokenUserInfo,N,projects/PowerShell/src/Microsoft.PowerShell.Commands.Management/commands/management/Process.cs
string,415,stringIter,N,projects/xbmc/lib/win32/Effects11/EffectNonRuntime.cpp
BM,401,BMFontUtil,N,projects/libgdx/extensions/gdx-tools/src/com/badlogic/gdx/tools/hiero/BMFontUtil.java
ps,388,psType,,projects/xbmc/lib/win32/Effects11/EffectLoad.cpp
PS,388,PSSamplers,,projects/xbmc/lib/win32/Effects11/inc/d3dx11effect.h
cache,376,cacheJob,N,projects/xbmc/xbmc/TextureCache.cpp
body,372,bodyChr,N,projects/xbmc/xbmc/network/AirPlayServer.cpp
hash,362,hashGen,N,projects/xbmc/xbmc/guilib/GUIFontCache.cpp
header,338,headerLine,N,projects/xbmc/xbmc/utils/HttpHeader.cpp
pos,301,posT,,projects/xbmc/xbmc/XBDateTime.cpp
SWIG,301,SWIG_JavaThrowException,,projects/libgdx/extensions/gdx-bullet/jni/swig-src/inversedynamics/inversedynamics_wrap.cpp
bytes,271,bytesRead,N,projects/xbmc/lib/win32/Effects11/EffectLoad.cpp
byte,222,byteArray,N,projects/xbmc/xbmc/platform/win32/input/IrssMessage.cpp
raw,221,rawMac,N,projects/xbmc/xbmc/platform/linux/network/NetworkLinux.cpp
BN,215,BN_to_ASN1_INTEGER,,projects/openssl/crypto/asn1/a_int.c
BIO,214,BIO_snprintf,,projects/openssl/providers/fips/fipsprov.c
node,190,nodeEvents,N,projects/xbmc/xbmc/cores/AudioEngine/Sinks/pipewire/PipewireNode.cpp
pp,189,ppPointer,,projects/xbmc/lib/win32/Effects11/EffectLoad.cpp
op,170,opWeight,,projects/xbmc/xbmc/utils/FileOperationJob.cpp
pool,170,poolException,N,projects/PowerShell/src/System.Management.Automation/engine/hostifaces/PowerShell.cs
EC,168,ECDsaOid,,projects/aspnetcore/src/Servers/Kestrel/Core/src/Internal/Certificates/CertificateConfigLoader.cs
pad,162,padLen,N,projects/xbmc/lib/libUPnP/Neptune/ThirdParty/axTLS/crypto/md5.c
headers,153,headersNodeFound,N,projects/PowerShell/src/System.Management.Automation/FormatAndOutput/common/DisplayDatabase/typeDataXmlLoader_Table.cs
char,150,charCode,,projects/xbmc/xbmc/utils/LangCodeExpander.cpp
int,148,intValue,,projects/xbmc/lib/libUPnP/Platinum/Source/Devices/MediaServer/PltMediaItem.cpp
Swig,148,SwigValueInit,,projects/libgdx/extensions/gdx-bullet/jni/swig-src/inversedynamics/inversedynamics_wrap.cpp
var,146,varSize,N,projects/xbmc/lib/win32/Effects11/EffectLoad.cpp
Cache,140,CacheImage,N,projects/xbmc/xbmc/TextureCache.cpp
Key,136,KeyRepeatTimeout,N,projects/xbmc/xbmc/platform/linux/input/LibInputKeyboard.cpp
block,133,blockType,N,projects/xbmc/lib/win32/Effects11/EffectLoad.cpp
TS,128,TSErrorDisabledTask,,projects/PowerShell/src/Microsoft.PowerShell.ScheduledJob/ScheduledJobDefinition.cs
ENGINE,124,ENGINE_init,,projects/openssl/crypto/engine/eng_init.c
cl,117,clRect,,projects/xbmc/xbmc/rendering/dx/RenderSystemDX.cpp
HEADERS,99,HEADERS_Received_ContainsExpect100Continue_100ContinueSent,,projects/aspnetcore/src/Servers/Kestrel/test/InMemory.FunctionalTests/Http3/Http3ConnectionTests.cs
Hash,97,HashWithNormalizedCasing,N,projects/azure-functions-core-tools/src/Azure.Functions.Cli/Telemetry/Sha256Hasher.cs
CA,90,CAChannelLabel,,projects/xbmc/xbmc/cores/AudioEngine/Sinks/osx/AEDeviceEnumerationOSX.cpp
Node,90,NodeType,,projects/xbmc/xbmc/filesystem/MusicDatabaseDirectory/QueryParams.cpp
Byte,86,ByteCount,N,projects/xbmc/xbmc/pictures/ExifParse.cpp
Object,84,ObjectType,,projects/xbmc/lib/win32/Effects11/EffectLoad.cpp
BT,84,BT_USE_NAME,,projects/xbmc/tools/EventClients/lib/java/src/org/xbmc/eventclient/PacketBUTTON.java
obj,81,objIter,,projects/xbmc/xbmc/platform/linux/storage/UDisks2Provider.cpp
ERR,77,ERR_new,,projects/openssl/providers/legacyprov.c
db,74,dbUrl,N,projects/xbmc/xbmc/DbUrl.cpp
null,73,nullListener,N,projects/xbmc/xbmc/cores/VideoPlayer/DVDCodecs/Video/DVDVideoCodecAndroidMediaCodec.cpp
KEY,67,KEY_EVENT_RECORDToKeyInfo,,projects/PowerShell/src/Microsoft.PowerShell.ConsoleHost/host/msh/ConsoleHostRawUserInterface.cs
Long,66,LongTag,,projects/PowerShell/src/System.Management.Automation/engine/SerializationStrings.cs
pi,63,piAttribList,,projects/libgdx/extensions/gdx-bullet/jni/vs/Glut/GL/wglew.h
err,61,errMsg,,projects/xbmc/xbmc/utils/RegExp.cpp
DH,61,DH_meth_new,,projects/openssl/crypto/dh/dh_meth.c
Int,59,IntTest,,projects/xbmc/lib/libUPnP/Neptune/Source/Tests/Strings1/StringsTest1.cpp
rs,58,rsAccessRights,,projects/xbmc/xbmc/platform/win32/WIN32Util.h
std,56,stdConvert,,projects/xbmc/xbmc/utils/CharsetConverter.cpp
Vector,55,VectorToCardinalDirection,,projects/xbmc/xbmc/input/InputTranslator.cpp
Arg,55,ArgApiVersion,,projects/azure-functions-core-tools/src/Azure.Functions.Cli/Arm/ArmUriTemplates.cs
ss,55,ssInfo,,projects/PowerShell/test/xUnit/csharp/test_Subsystem.cs
pf,52,pfResult,,projects/PowerShell/src/Microsoft.PowerShell.Commands.Management/commands/management/TimeZoneCommands.cs
SC,51,SC_MANAGER_CONNECT,,projects/PowerShell/src/Microsoft.PowerShell.Commands.Management/commands/management/Service.cs
chunk,44,chunkSize,N,projects/xbmc/xbmc/utils/Archive.cpp
Char,44,CharVecBuffer,,projects/xbmc/xbmc/platform/android/media/drm/MediaDrmCryptoSession.cpp
os,40,osVerInfo,,projects/xbmc/xbmc/utils/SystemInfo.cpp
Bytes,35,BytesRead,,projects/xbmc/lib/win32/Effects11/EffectAPI.cpp
Bit,34,BitstreamConvertInitAVC,,projects/xbmc/xbmc/utils/BitstreamConverter.cpp
Boolean,34,BooleanBoxes,,projects/PowerShell/src/Microsoft.Management.UI.Internal/ManagementList/Common/BooleanBoxes.cs
arr,33,arrArgs,,projects/xbmc/xbmc/Util.cpp
IOS,33,IOSRobovmTests,,projects/libgdx/tests/gdx-tests-iosrobovm/src/com/badlogic/gdx/tests/IOSRobovmTests.java
sb,31,sbError,,projects/azure-functions-core-tools/src/Azure.Functions.Cli/Kubernetes/KubectlHelper.cs
tr,31,trTmp,,projects/libgdx/tests/gdx-tests/src/com/badlogic/gdx/tests/g3d/Animation3DTest.java
Str,30,StrInput,,projects/xbmc/xbmc/Util.cpp
tuple,30,_tupleToGroupInfoMappingDictionary,,projects/PowerShell/src/Microsoft.PowerShell.Commands.Utility/commands/utility/Group-Object.cs
OBJ,30,OBJ_new_nid,,projects/openssl/crypto/objects/obj_dat.c
CB,29,CBDesc,,projects/xbmc/lib/win32/Effects11/EffectLoad.cpp
bit,29,bitRate,,projects/xbmc/xbmc/cores/AudioEngine/Utils/AEStreamInfo.cpp
chars,29,charsReaded,,projects/PowerShell/src/Microsoft.PowerShell.ConsoleHost/host/msh/ConsoleControl.cs
Integer,29,IntegerTypeValidationCallback,,projects/PowerShell/src/System.Management.Automation/engine/remoting/fanin/InitialSessionStateProvider.cs
swap,28,swapList,,projects/xbmc/xbmc/GUIInfoManager.cpp
IO,28,IO_REPARSE_TAG_SYMLINK,,projects/PowerShell/src/System.Management.Automation/namespaces/FileSystemProvider.cs
GPU,27,GPU_ATTRIBUTES,,projects/libgdx/gdx/src/com/badlogic/gdx/graphics/g3d/particles/batches/BillboardParticleBatch.java
MD,25,MD2_Init,,projects/xbmc/lib/libUPnP/Neptune/ThirdParty/axTLS/crypto/md2.c
CONF,25,CONF_set_default_method,,projects/openssl/crypto/conf/conf_lib.c
CT,25,CTLOG_new_from_base64_ex,,projects/openssl/crypto/ct/ct_b64.c
bi,23,biR,,projects/xbmc/lib/libUPnP/Neptune/ThirdParty/axTLS/crypto/bigint.c
GL,23,GLProfilerErrorTest,,projects/libgdx/tests/gdx-tests/src/com/badlogic/gdx/tests/GLProfilerErrorTest.java
glut,23,glutSwapBuffers,,projects/libgdx/extensions/gdx-bullet/jni/vs/Glut/EmptyGL/GL/glut.h
Db,23,DbExceptions_HandlingFails_InvokesNextFilter,,projects/aspnetcore/src/Middleware/Diagnostics.EntityFrameworkCore/test/UnitTests/DatabaseDeveloperPageExceptionFilterTests.cs
pc,21,pcAnnotations,,projects/xbmc/lib/win32/Effects11/EffectLoad.cpp
ch,21,chCode,,projects/xbmc/xbmc/utils/RegExp.cpp
keys,21,keysSecretCollectionName,N,projects/azure-functions-core-tools/src/Azure.Functions.Cli/Kubernetes/KubernetesHelpers.cs
Va,20,VaErrorCallback,,projects/xbmc/xbmc/cores/VideoPlayer/DVDCodecs/Video/VAAPI.cpp
dict,19,dictLength,N,projects/xbmc/lib/libUPnP/Neptune/ThirdParty/zlib-1.2.8/inflate.c
Raw,19,RawNumber,N,projects/xbmc/xbmc/utils/JSONVariantParser.cpp
vector,19,vectorView,,projects/xbmc/xbmc/platform/win10/filesystem/WinLibraryDirectory.cpp
AE,19,AEChannelToALSAChannel,,projects/xbmc/xbmc/cores/AudioEngine/Sinks/AESinkALSA.cpp
Hex,19,Hex2Str,N,projects/xbmc/xbmc/cores/VideoPlayer/VideoPlayerTeletext.cpp
mi,19,miXmlBytes,,projects/PowerShell/src/System.Management.Automation/engine/serialization.cs
hex,18,hexValue,N,projects/xbmc/xbmc/utils/XMLUtils.cpp
VA,18,VAAPIRegister,,projects/xbmc/xbmc/windowing/X11/OptionalsReg.cpp
Chunk,18,ChunkSize,N,projects/PowerShell/src/Microsoft.PowerShell.Commands.Utility/commands/utility/WebCmdlet/StreamHelper.cs
ca,17,caData,N,projects/xbmc/lib/libUPnP/Platinum/Source/Extras/PltMetadataHandler.h
OS,17,OSPowerCallBack,,projects/xbmc/xbmc/platform/darwin/osx/powermanagement/CocoaPowerSyscall.cpp
arrays,17,arraysAtMid,N,projects/tensorflow/tensorflow/compiler/xla/mlir_hlo/lib/Dialect/mhlo/transforms/legalize_sort.cc
CS,16,CSSamplers,N,projects/xbmc/lib/win32/Effects11/inc/d3dx11effect.h
RC,16,RCGenerateHashFromFile,,projects/xbmc/xbmc/games/addons/cheevos/GameClientCheevos.cpp
pkt,16,pktInfo,,projects/PowerShell/src/Microsoft.PowerShell.Commands.Utility/commands/utility/CustomSerialization.cs
ssh,16,sshConnectionInfo,N,projects/PowerShell/src/System.Management.Automation/engine/hostifaces/HostUtilities.cs
maven,16,mavenTextField,N,projects/libgdx/extensions/gdx-setup/src/com/badlogic/gdx/setup/SettingsDialog.java
asp,16,aspNetProcess,N,projects/aspnetcore/src/ProjectTemplates/test/Templates.Blazor.Tests/BlazorWasmTemplateTest.cs
hr,16,hrError,,projects/aspnetcore/src/Servers/IIS/AspNetCoreModuleV2/OutOfProcessRequestHandler/websockethandler.cpp
CF,15,CFHashNullVersion,,projects/xbmc/xbmc/platform/darwin/network/ZeroconfDarwin.cpp
Io,15,IoControl,N,projects/xbmc/xbmc/platform/darwin/tvos/filesystem/TVOSFile.cpp
ts,15,tsLocalUs,,projects/xbmc/xbmc/cores/VideoPlayer/DVDSubtitles/webvtt/WebVTTHandler.cpp
cos,15,cosRotation,N,projects/libgdx/gdx/src/com/badlogic/gdx/graphics/g3d/particles/batches/BillboardParticleBatch.java
SSE,14,SSEMulArray,,projects/xbmc/xbmc/cores/AudioEngine/Utils/AEUtil.cpp
Decimal,14,DecimalTag,N,projects/PowerShell/src/System.Management.Automation/engine/SerializationStrings.cs
Tuple,14,TupleCreator,N,projects/PowerShell/src/System.Management.Automation/engine/runtime/MutableTuple.cs
HASH,14,HASH_ARRAY,N,projects/libgdx/gdx/src/com/badlogic/gdx/utils/compression/lz/BinTree.java
COMP,14,COMP_CTX_new,,projects/openssl/crypto/comp/comp_lib.c
AL,13,ALChannelSource,,projects/libgdx/backends/gdx-backend-robovm-metalangle/src/com/badlogic/gdx/backends/iosrobovm/objectal/ALChannelSource.java
Sip,13,SipHash_2_4_UlongCast_ForcedInline,,projects/aspnetcore/src/Middleware/Session/src/SipHash.cs
Sig,12,SigType,N,projects/xbmc/lib/win32/Effects11/Effect.h
pd,12,pd_PrintPage,,projects/PowerShell/src/Microsoft.PowerShell.Commands.Utility/commands/utility/FormatAndOutput/out-printer/PrinterLineOutput.cs
csc,12,cscVal,,projects/tensorflow/tensorflow/core/util/rocm_sparse.cc
pkg,11,pkgRoot,N,projects/xbmc/xbmc/platform/android/activity/android_main.cpp
st,11,stLocalTime,,projects/xbmc/xbmc/platform/win32/threads/Win32Exception.cpp
pts,11,ptsStart,N,projects/xbmc/xbmc/cores/VideoPlayer/DVDInputStreams/DVDInputStream.h
PT,11,PT_HELO,,projects/xbmc/tools/EventClients/lib/java/src/org/xbmc/eventclient/Packet.java
PIPE,11,PIPE_ACCESS_DUPLEX,N,projects/PowerShell/src/System.Management.Automation/engine/remoting/common/RemoteSessionNamedPipe.cs
Bitmap,11,BitmapFontDistanceFieldTest,N,projects/libgdx/tests/gdx-tests/src/com/badlogic/gdx/tests/BitmapFontDistanceFieldTest.java
FLOAT,11,FLOAT_PROPERTY_NAME,N,projects/libgdx/tests/gdx-tests/src/com/badlogic/gdx/tests/TiledMapAssetManagerTest.java
VERTEX,11,VERTEX_SIZE,N,projects/libgdx/tests/gdx-tests/src/com/badlogic/gdx/tests/g3d/voxel/VoxelChunk.java
MS,10,MS_VC_EXCEPTION,N,projects/xbmc/xbmc/platform/win32/threads/ThreadImplWin.cpp
pt,10,ptStreamTye,,projects/xbmc/xbmc/cores/paplayer/VideoPlayerCodec.cpp
Std,10,StdOutputHandler,,projects/PowerShell/src/Microsoft.PowerShell.Commands.Management/commands/management/Process.cs
SE,10,SE_SHUTDOWN_NAME,,projects/PowerShell/src/Microsoft.PowerShell.Commands.Management/commands/management/Computer.cs
dos,10,dosWildcard,N,projects/PowerShell/src/System.Management.Automation/engine/Modules/RemoteDiscoveryHelper.cs
MAP,10,MAP_ORTHO,,projects/libgdx/tests/gdx-tests/src/com/badlogic/gdx/tests/TiledMapLayerOffsetTest.java
cr,10,crAu,,projects/libgdx/extensions/gdx-box2d/gdx-box2d/jni/Box2D/Dynamics/Joints/b2DistanceJoint.cpp
Fp,10,FpValueToString,,projects/tensorflow/tensorflow/compiler/xla/literal_comparison.cc
MI,10,MIOpenHandle,N,projects/tensorflow/tensorflow/compiler/xla/stream_executor/rocm/rocm_dnn.cc
ae,9,aeChannel,N,projects/xbmc/xbmc/cores/AudioEngine/Sinks/AESinkALSA.cpp
XML,9,XMLToDVDState,N,projects/xbmc/xbmc/cores/VideoPlayer/DVDInputStreams/DVDStateSerializer.cpp
pm,9,pm_CSCMatrix,,projects/xbmc/xbmc/cores/VideoPlayer/DVDCodecs/Video/VDPAU.cpp
TYPE,9,TYPE_DOWNLOAD,N,projects/xbmc/xbmc/addons/AddonInstaller.cpp
fp,9,fpValue,N,projects/PowerShell/src/System.Management.Automation/engine/MinishellParameterBinderController.cs
LP,9,LPSecurityDescriptor,,projects/PowerShell/src/System.Management.Automation/engine/remoting/common/RemoteSessionNamedPipe.cs
Nodes,9,NodesSequenceOf,N,projects/tensorflow/tensorflow/compiler/mlir/tfr/integration/tfr_decompose_ctx_test.cc
OC,9,OCWriteIncreasing,,projects/tensorflow/tensorflow/core/lib/strings/ordered_code_test.cc
BF,9,BF16UnsupportedWarning,,projects/tensorflow/tensorflow/core/graph/mkl_graph_util.h
RS,8,RSViewports,,projects/xbmc/lib/win32/Effects11/inc/d3dx11effect.h
FF,8,FFReleaseBuffer,,projects/xbmc/xbmc/cores/VideoPlayer/DVDCodecs/Video/DXVA.cpp
sc,8,scDesc,,projects/xbmc/xbmc/rendering/dx/DeviceResources.cpp
NS,8,NS_XSI,,projects/PowerShell/src/Microsoft.WSMan.Management/ConfigProvider.cs
iv,8,ivA,,projects/libgdx/extensions/gdx-bullet/jni/src/bullet/BulletDynamics/ConstraintSolver/btConeTwistConstraint.cpp
mb,8,mbA,,projects/libgdx/extensions/gdx-bullet/jni/src/bullet/BulletDynamics/Featherstone/btMultiBodyConstraintSolver.cpp
Nd,8,NdtriGrad,,projects/tensorflow/tensorflow/cc/gradients/math_grad.cc
MB,8,MB_INPUT_SIZE,,projects/tensorflow/tensorflow/tools/android/test/src/org/tensorflow/demo/DetectorActivity.java
HS,7,HSSamplers,N,projects/xbmc/lib/win32/Effects11/inc/d3dx11effect.h
strings,7,stringsAreEqual,N,projects/xbmc/xbmc/platform/darwin/osx/powermanagement/CocoaPowerSyscall.cpp
bitmap,7,bitmapBuf,,projects/xbmc/xbmc/platform/android/filesystem/AndroidAppFile.cpp
Nr,7,NrVBlanks,,projects/xbmc/xbmc/cores/VideoPlayer/VideoReferenceClock.cpp
rt,7,rtFormat,,projects/xbmc/xbmc/cores/VideoPlayer/VideoRenderers/HwDecRender/VaapiEGL.cpp
PTS,7,PTSDuration,N,projects/xbmc/xbmc/cores/VideoPlayer/DVDSubtitles/DVDSubtitleParserVplayer.cpp
sd,7,sdRef,,projects/xbmc/xbmc/network/mdns/ZeroconfBrowserMDNS.cpp
nodes,7,nodesCompressed,,projects/PowerShell/src/Microsoft.PowerShell.ConsoleHost/host/msh/PendingProgress.cs
VT,7,VTCodes,,projects/PowerShell/src/System.Management.Automation/utils/VTUtils.cs
INT,7,INT_PROPERTY_NAME,,projects/libgdx/tests/gdx-tests/src/com/badlogic/gdx/tests/TiledMapAssetManagerTest.java
sq,7,sqDist,,projects/libgdx/extensions/gdx-bullet/jni/src/bullet/BulletCollision/NarrowPhaseCollision/btVoronoiSimplexSolver.cpp
PI,6,PICode,,projects/xbmc/xbmc/cores/VideoPlayer/VideoPlayerRadioRDS.cpp
Obj,6,ObjType,,projects/xbmc/xbmc/video/Teletext.h
ar,6,arByte,,projects/PowerShell/src/Microsoft.PowerShell.CoreCLR.Eventing/DotNetCode/Eventing/Reader/NativeWrapper.cs
cm,6,cmScreenLabel,,projects/libgdx/tests/gdx-tests/src/com/badlogic/gdx/tests/CoordinatesTest.java
acc,6,accAngle,,projects/libgdx/extensions/gdx-bullet/jni/src/bullet/BulletDynamics/ConstraintSolver/btHingeConstraint.cpp
pol,6,polP,,projects/tensorflow/tensorflow/compiler/xla/mlir_hlo/lib/Dialect/mhlo/transforms/chlo_legalize_to_hlo.cc
tbs,6,tbsCertList,,projects/aspnetcore/src/Servers/Kestrel/shared/test/CertificateAuthority.cs
GS,5,GSSamplers,,projects/xbmc/lib/win32/Effects11/inc/d3dx11effect.h
IA,5,IAVertexBuffers,,projects/xbmc/lib/win32/Effects11/inc/d3dx11effect.h
bis,5,bisSourceLang,,projects/xbmc/xbmc/utils/POUtils.cpp
CURL,5,CURLCreate,,projects/xbmc/xbmc/filesystem/File.cpp
bp,5,bpUpdateType,,projects/PowerShell/src/System.Management.Automation/engine/serialization.cs
NULL,5,NULL_FEATURE,,projects/libgdx/extensions/gdx-box2d/gdx-box2d-gwt/src/com/badlogic/gdx/physics/box2d/gwt/emu/org/jbox2d/collision/Collision.java
LONG,5,LONG_AVG_NUMS,,projects/libgdx/extensions/gdx-box2d/gdx-box2d-gwt/src/com/badlogic/gdx/physics/box2d/gwt/emu/org/jbox2d/dynamics/Profile.java
kern,5,kernMode,N,projects/libgdx/extensions/gdx-freetype/src/com/badlogic/gdx/graphics/g2d/freetype/FreeType.java
hp,5,hpVideoDevice,,projects/libgdx/extensions/gdx-bullet/jni/vs/Glut/GL/wglew.h
ab,5,abOutput,,projects/libgdx/extensions/gdx-bullet/jni/vs/Glut/GL/glew.h
CLASS,5,CLASS_REPLACEMENTS,,projects/libgdx/backends/gdx-backend-robovm-metalangle/generator/JavaCodeGenerator.java
ARRAY,5,ARRAY_BUFFER,,projects/libgdx/backends/gdx-backends-gwt/src/com/google/gwt/webgl/client/WebGLRenderingContext.java
Cos,5,CosGrad,N,projects/tensorflow/tensorflow/cc/gradients/math_grad.cc
FP,5,FP16SupportedDevices,,projects/tensorflow/tensorflow/core/grappler/optimizers/auto_mixed_precision.cc
UNKNOWN,5,UNKNOWN_DIMS_MODEL_PATH,,projects/tensorflow/tensorflow/lite/java/src/test/java/org/tensorflow/lite/InterpreterTest.java
KERN,5,KERN_ARGMAX,,projects/jenkins/core/src/main/java/hudson/util/ProcessTree.java
VS,4,VSSamplers,,projects/xbmc/lib/win32/Effects11/inc/d3dx11effect.h
Gl,4,GlErrorCallback,,projects/xbmc/xbmc/utils/GLUtils.cpp
DX,4,DXGetErrorStringW,,projects/xbmc/xbmc/platform/win32/dxerr.cpp
UL,4,ULTotal,,projects/xbmc/xbmc/platform/win32/storage/Win32StorageProvider.cpp
PW,4,PWFormatToSampleSize,,projects/xbmc/xbmc/cores/AudioEngine/Sinks/pipewire/AESinkPipewire.cpp
HA,4,HA1,,projects/xbmc/xbmc/network/AirPlayServer.cpp
Bits,4,BitsPerPixel,N,projects/xbmc/xbmc/guilib/D3DResource.cpp
dd,4,ddAdapter,N,projects/xbmc/xbmc/windowing/windows/WinSystemWin32.cpp
HEADER,4,HEADER_SIZE,N,projects/xbmc/tools/EventClients/lib/java/src/org/xbmc/eventclient/Packet.java
cs,4,csProjFiles,N,projects/azure-functions-core-tools/src/Azure.Functions.Cli/Helpers/DotnetHelpers.cs
em,4,emEnumHandle,,projects/PowerShell/src/Microsoft.PowerShell.CoreCLR.Eventing/DotNetCode/Eventing/Reader/NativeWrapper.cs
Vt,4,VtSubstring,,projects/PowerShell/src/System.Management.Automation/utils/StringUtil.cs
ob,4,obRootFieldInfo,N,projects/PowerShell/src/System.Management.Automation/engine/remoting/common/RunspaceConnectionInfo.cs
ft,4,ftFile,,projects/PowerShell/src/System.Management.Automation/help/CabinetNativeApi.cs
cd,4,cdOutput,,projects/libgdx/extensions/gdx-bullet/jni/vs/Glut/GL/glew.h
Sin,4,SinGrad,,projects/tensorflow/tensorflow/cc/gradients/math_grad.cc
Ms,4,MsBuildProjectFinder,,projects/aspnetcore/src/Tools/Shared/SecretsHelpers/MsBuildProjectFinder.cs
IL,4,ILEmitTrieJumpTable,,projects/aspnetcore/src/Http/Routing/src/Matching/ILEmitTrieJumpTable.cs
Groovy,4,GroovyInitScript,N,projects/jenkins/core/src/main/java/hudson/init/impl/GroovyInitScript.java
DB,4,DBSynchronize,N,projects/bitcoin/src/leveldb/benchmarks/db_bench_tree_db.cc
Mu,4,MuHash,N,projects/bitcoin/src/bench/crypto_hash.cpp
Bitcoin,4,BitcoinQtInit,,projects/bitcoin/src/init/bitcoin-qt.cpp
qt,4,qtTranslatorBase,,projects/bitcoin/src/qt/bitcoin.cpp
amt,4,amtRead,N,projects/curl/lib/setup-os400.h
OM,3,OMRenderTargets,,projects/xbmc/lib/win32/Effects11/inc/d3dx11effect.h
hd,3,hdVideoPlayer,,projects/xbmc/xbmc/Autorun.cpp
pl,3,plItemUrl,,projects/xbmc/xbmc/Util.cpp
FD,3,FDEventCallback,,projects/xbmc/xbmc/cores/AudioEngine/Sinks/alsa/ALSAHControlMonitor.cpp
fl,3,flProtect,,projects/xbmc/xbmc/guilib/DirectXGraphics.cpp
ms,3,msNode,N,projects/xbmc/xbmc/guilib/GUIControlFactory.cpp
GP,3,GP_0,,projects/xbmc/xbmc/rendering/dx/DeviceResources.cpp
Err,3,ErrNonfatal,,projects/xbmc/xbmc/pictures/ExifParse.cpp
IS,3,IS_UDF,,projects/xbmc/xbmc/storage/cdioSupport.h
Linux,3,LinuxFxVersion,,projects/azure-functions-core-tools/src/Azure.Functions.Cli/Common/Constants.cs
Ci,3,Ci_Continuous_Integration,,projects/azure-functions-core-tools/src/Azure.Functions.Cli/Diagnostics/LoggingFilterHelper.cs
SW,3,SW_HIDE,,projects/PowerShell/src/Microsoft.PowerShell.ConsoleHost/WindowsTaskbarJumpList/TaskbarJumpList.cs
TR,3,TRtag,,projects/PowerShell/src/Microsoft.PowerShell.Commands.Utility/commands/utility/ConvertTo-Html.cs
mo,3,moSource,,projects/PowerShell/src/Microsoft.PowerShell.Commands.Utility/commands/utility/CustomSerialization.cs
sp,3,spDriver,,projects/PowerShell/src/System.Management.Automation/engine/remoting/server/ServerRunspacePoolDriver.cs
kw,3,kwAst,,projects/PowerShell/src/System.Management.Automation/DscSupport/CimDSCParser.cs
WT,3,WTHelperGetProvCertFromChain,,projects/PowerShell/src/System.Management.Automation/security/Win32Native/WinTrust.cs
SHORT,3,SHORT_AVG_NUMS,,projects/libgdx/extensions/gdx-box2d/gdx-box2d-gwt/src/com/badlogic/gdx/physics/box2d/gwt/emu/org/jbox2d/dynamics/Profile.java
CL,3,CL_SOLVER,,projects/libgdx/extensions/gdx-bullet/jni/swig-src/softbody/com/badlogic/gdx/physics/bullet/softbody/btSoftBodySolver.java
DST,3,DST_ALPHA,,projects/libgdx/backends/gdx-backends-gwt/src/com/google/gwt/webgl/client/WebGLRenderingContext.java
AMD,3,AMDGPUTargetModuleLinker,,projects/tensorflow/tensorflow/compiler/xla/service/gpu/llvm_gpu_backend/gpu_backend_lib.cc
sig,3,sigConversion,N,projects/tensorflow/tensorflow/compiler/xla/mlir_hlo/lib/Dialect/mhlo/transforms/hlo_legalize_to_lhlo.cc
nulls,3,nullsOk,N,projects/junit4/src/main/java/org/junit/experimental/theories/Theories.java
cc,3,ccTld,,projects/jenkins/core/src/main/java/jenkins/org/apache/commons/validator/routines/DomainValidator.java
aa,3,aaTxt,,projects/jenkins/core/src/test/java/hudson/UtilTest.java
Pl,3,PlSql,,projects/DevToys/src/dev/impl/DevToys/Models/SqlLanguageDisplayPair.cs
ISO,2,ISODateToLocalizedDate,,projects/xbmc/xbmc/utils/StringUtils.cpp
BS,2,BS_RB24,,projects/xbmc/xbmc/utils/BitstreamReader.h
PA,2,PAChannelToAEChannel,,projects/xbmc/xbmc/cores/AudioEngine/Sinks/AESinkPULSE.cpp
Ch,2,ChLayoutToChMask,,projects/xbmc/xbmc/cores/AudioEngine/Sinks/windows/AESinkFactoryWin.cpp
nr,2,nrOfUsedColors,,projects/xbmc/xbmc/cores/VideoPlayer/DVDDemuxSPU.cpp
CU,2,CUPnPPlayerController,,projects/xbmc/xbmc/network/upnp/UPnPPlayer.cpp
PO,2,PODoc,,projects/xbmc/xbmc/weather/WeatherJob.cpp
RP,2,RP_0,,projects/xbmc/xbmc/rendering/dx/DeviceResources.cpp
BP,2,BP_0,,projects/xbmc/xbmc/rendering/dx/DeviceResources.cpp
WP,2,WP_0,,projects/xbmc/xbmc/rendering/dx/DeviceResources.cpp
vs,2,vsRect,,projects/xbmc/xbmc/windowing/windows/WinSystemWin32.cpp
hm,2,hmPrimary,,projects/xbmc/xbmc/windowing/windows/WinSystemWin32.cpp
tb,2,tbList,,projects/xbmc/xbmc/interfaces/python/swig.cpp
STD,2,STD_PORT,,projects/xbmc/tools/EventClients/lib/c#/EventClient.cs
TH,2,THtag,,projects/PowerShell/src/Microsoft.PowerShell.Commands.Utility/commands/utility/ConvertTo-Html.cs
er,2,erBuffer,,projects/PowerShell/src/System.Management.Automation/engine/remoting/client/RunspaceRef.cs
pg,2,pgSubsystem,,projects/PowerShell/src/System.Management.Automation/security/Win32Native/WinTrust.cs
NODE,2,NODE_ATTRIBUTE,N,projects/PowerShell/src/Microsoft.WSMan.Management/WsManHelper.cs
Nb,2,NbTris,,projects/libgdx/extensions/gdx-bullet/jni/src/bullet/BulletCollision/CollisionShapes/btConvexPolyhedron.cpp
EPA,2,EPA_Failed,,projects/libgdx/extensions/gdx-bullet/jni/swig-src/collision/com/badlogic/gdx/physics/bullet/collision/btGjkEpaSolver3.java
AV,2,AVAudioPlayerDelegateAdapter,,projects/libgdx/backends/gdx-backend-robovm-metalangle/src/com/badlogic/gdx/backends/iosrobovm/objectal/AVAudioPlayerDelegateAdapter.java
BYTE,2,BYTE_TABLE,,projects/libgdx/backends/gdx-backends-gwt/src/com/badlogic/gdx/backends/gwt/emu/com/badlogic/gdx/utils/Utf8Decoder.java
INDEX,2,INDEX_ILLEGAL,,projects/libgdx/gdx/src/com/badlogic/gdx/utils/IntSet.java
QR,2,QRBlock,,projects/tensorflow/tensorflow/compiler/mlir/xla/transforms/legalize_tf.cc
Qr,2,QrBlock,,projects/tensorflow/tensorflow/compiler/xla/service/qr_expander.cc
Kernels,2,KernelsTest,N,projects/tensorflow/tensorflow/core/kernels/image/sampling_kernels_test.cc
PB,2,PBTxtToMultiline,N,projects/tensorflow/tensorflow/core/framework/op_gen_lib.cc
EM,2,EMBenchmarkHelper,,projects/tensorflow/tensorflow/core/common_runtime/device/device_event_mgr_test.cc
,,,,
VECTOR,2,VECTOR_SIZE,,projects/tensorflow/tensorflow/lite/kernels/internal/optimized/optimized_ops.h
Rx,2,RxErrors,N,projects/aspnetcore/src/SignalR/clients/java/signalr/test/src/main/java/com/microsoft/signalr/RxJavaUnhandledExceptionsExtensions.java
DER,2,DER_w_keyinfo,,projects/openssl/providers/implementations/kdfs/x942kdf.c
Ed,2,EdDSA_sign_loop,,projects/openssl/apps/speed.c
SM,2,SM2_sign_loop,,projects/openssl/apps/speed.c
HEX,2,HEX_DIGITS,,projects/openssl/apps/ca.c
lg,2,lgN,,projects/openssl/test/sslapitest.c
RR,2,RR1,,projects/openssl/crypto/bn/rsaz_exp.h
Cha,2,ChaCha20_ctr32,,projects/openssl/crypto/chacha/chacha_enc.c
Tor,2,TorVersion,,projects/tor/src/app/config/or_state_st.h
cpd,2,cpdSame,,projects/jenkins/core/src/test/java/hudson/model/ParameterDefinitionTest.java
ppd,2,ppdSame,,projects/jenkins/core/src/test/java/hudson/model/ParameterDefinitionTest.java
pk,2,pkData,,projects/bitcoin/src/bitcoin-tx.cpp
WAL,2,WAL_stmt,,projects/bitcoin/src/leveldb/benchmarks/db_bench_sqlite3.cc
ST,1,ST_Input,,projects/xbmc/lib/win32/Effects11/Effect.h
bd,1,bdDir,,projects/xbmc/xbmc/utils/DiscsUtils.cpp
WU,1,WUSysMsg,,projects/xbmc/xbmc/platform/win32/WIN32Util.cpp
sf,1,sfManager,,projects/azure-functions-core-tools/test/Azure.Functions.Cli.Tests/E2E/DeploymentTests.cs
fa,1,faManager,,projects/azure-functions-core-tools/test/Azure.Functions.Cli.Tests/E2E/DeploymentTests.cs
Bios,1,BiosCharacteristics,N,projects/PowerShell/src/Microsoft.PowerShell.Commands.Management/commands/management/GetComputerInfoCommand.cs
BIOS,1,BIOSVersion,N,projects/PowerShell/src/Microsoft.PowerShell.Commands.Management/commands/management/GetComputerInfoCommand.cs
ht,1,htAst,,projects/PowerShell/src/System.Management.Automation/engine/parser/Parser.cs
AF,1,AF_HYPERV,,projects/PowerShell/src/System.Management.Automation/engine/remoting/common/RemoteSessionHyperVSocket.cs
pr,1,prType,,projects/PowerShell/src/System.Management.Automation/engine/remoting/fanin/PriorityCollection.cs
wt,1,wtData,,projects/PowerShell/src/System.Management.Automation/security/Authenticode.cs
GIMP,1,GIMPACT_SHAPE_PROXYTYPE,,projects/libgdx/extensions/gdx-bullet/jni/swig-src/collision/com/badlogic/gdx/physics/bullet/collision/BroadphaseNativeTypes.java
Bt,1,BtMatrixForWinograd4x4To6x6,,projects/tensorflow/tensorflow/lite/delegates/gpu/common/winograd_util.cc
Sd,1,SdListenFdsStart,,projects/aspnetcore/src/Servers/Kestrel/Core/src/Systemd/KestrelServerOptionsSystemdExtensions.cs
Os,1,OsSupportsAdvancedHttp2,,projects/aspnetcore/src/Servers/IIS/IIS/src/Core/IISHttpContext.cs
MT,1,MTThreadBody,,projects/bitcoin/src/leveldb/db/db_test.cc
INF,1,INFVAL,,projects/bitcoin/src/util/serfloat.cpp
c,4737,cMemberDataBlocks,,projects/xbmc/lib/win32/Effects11/EffectLoad.cpp
p,3738,pString,,projects/xbmc/lib/win32/Effects11/EffectLoad.cpp
i,2091,iMember,,projects/xbmc/lib/win32/Effects11/EffectLoad.cpp
glew,1935,__glewCopyTexSubImage3D,,projects/libgdx/extensions/gdx-bullet/jni/vs/Glut/GL/glew.h
k,1741,kPSNOfSystemProcess,,projects/xbmc/xbmc/platform/darwin/osx/powermanagement/CocoaPowerSyscall.cpp
b,1661,bGlobalMemberDataBlock,,projects/xbmc/lib/win32/Effects11/EffectLoad.cpp
n,1172,nChars,N,projects/xbmc/lib/libUPnP/Neptune/Source/System/WinRT/NptWinRtUtils.cpp
num,1148,numItems,N,projects/xbmc/xbmc/AutoSwitch.cpp
f,855,fValue,,projects/xbmc/lib/win32/Effects11/Binary/EffectBinaryFormat.h
bt,815,btLoop,,projects/libgdx/tests/gdx-tests/src/com/badlogic/gdx/tests/MusicTest.java
EVP,751,EVP_Digest_loop,,projects/openssl/apps/speed.c
h,666,hFile,,projects/xbmc/lib/win32/Effects11/EffectAPI.cpp
m,630,m_Value,,projects/xbmc/lib/win32/Effects11/Binary/EffectStateBase11.h
TF,580,TF_DataType_to_PyArray_TYPE,,projects/tensorflow/tensorflow/python/lib/core/ndarray_tensor_bridge.cc
dw,497,dwSize,,projects/xbmc/lib/win32/Effects11/EffectLoad.cpp
sz,435,szFormat,,projects/xbmc/lib/win32/Effects11/d3dxGlobal.cpp
GLEW,418,__GLEW_VERSION_1_1,,projects/libgdx/extensions/gdx-bullet/jni/vs/Glut/GL/glew.h
v,394,vRanges,,projects/xbmc/lib/win32/Effects11/EffectLoad.cpp
OSSL,394,OSSL_provider_init,,projects/openssl/providers/legacyprov.c
rb,359,rbA,,projects/libgdx/extensions/gdx-bullet/jni/src/extras/Serialize/BulletWorldImporter/btBulletWorldImporter.cpp
aabb,331,aabbExtension,,projects/libgdx/extensions/gdx-box2d/gdx-box2d-gwt/src/com/badlogic/gdx/physics/box2d/gwt/emu/org/jbox2d/common/Settings.java
C,330,CdataSection,,projects/xbmc/lib/libUPnP/Neptune/Source/Core/NptXml.cpp
a,305,aSong,,projects/xbmc/xbmc/CueDocument.cpp
cim,278,cimInstance,,projects/PowerShell/src/Microsoft.Management.Infrastructure.CimCmdlets/CimInvokeCimMethod.cs
s,264,s_ExternalFunction,,projects/xbmc/lib/libUPnP/Neptune/Source/Core/NptLogging.cpp
psz,261,pszDeviceId,,projects/xbmc/xbmc/cores/AudioEngine/Sinks/windows/AESinkFactoryWin10.cpp
Tf,241,TfTypeToTrtType,,projects/tensorflow/tensorflow/compiler/tf2tensorrt/convert/utils.cc
T,230,T1,,projects/xbmc/lib/libUPnP/Neptune/Source/Tests/Threads1/ThreadsTest1.cpp
TFE,226,TFE_TensorHandleToNumpy,,projects/tensorflow/tensorflow/python/eager/pywrap_tensor.cc
dst,223,dstMultp,,projects/xbmc/xbmc/utils/CharsetConverter.cpp
M,221,M3PAbortingWorkflowExecutionEvent,,projects/PowerShell/src/System.Management.Automation/utils/tracing/TracingGen.cs
w,215,wStringDst,,projects/xbmc/xbmc/utils/CharsetConverter.cpp
cb,208,cbEffectBuffer,,projects/xbmc/lib/win32/Effects11/EffectLoad.cpp
A,197,A2WHelper,,projects/xbmc/lib/libUPnP/Neptune/Source/System/WinRT/NptWinRtUtils.cpp
y,166,yLoad,,projects/xbmc/xbmc/platform/linux/sse4/CopyFrame.cpp
NPT,161,NPT_WinRtSharedVariable,,projects/xbmc/lib/libUPnP/Neptune/Source/System/WinRT/NptWinRtThreads.cpp
B,161,BNot,,projects/PowerShell/src/System.Management.Automation/engine/runtime/Binding/Binders.cs
r,158,rBuf,N,projects/xbmc/xbmc/utils/RingBuffer.h
pb,137,pbDataIn,,projects/PowerShell/src/System.Management.Automation/security/SecureStringHelper.cs
PKCS,129,PKCS12_load,,projects/openssl/test/pkcs12_api_test.c
q,125,qInv,,projects/xbmc/lib/libUPnP/Neptune/ThirdParty/axTLS/ssl/asn1.c
P,121,PKEY_TITLE,,projects/PowerShell/src/Microsoft.PowerShell.ConsoleHost/WindowsTaskbarJumpList/TaskbarJumpList.cs
wglew,118,__wglewSetStereoEmitterState3DL,,projects/libgdx/extensions/gdx-bullet/jni/vs/Glut/GL/wglew.h
F,114,FFinishImageLoad,,projects/xbmc/xbmc/cores/DllLoader/DllLoader.cpp
N,113,Norig,,projects/xbmc/xbmc/contrib/kissfft/kiss_fft.c
PDH,112,PDH_CSTATUS_VALID_DATA,,projects/PowerShell/src/Microsoft.PowerShell.Commands.Diagnostics/PdhHelper.cs
epg,105,epgTag,,projects/xbmc/xbmc/FileItem.cpp
vec,98,vecItems,,projects/xbmc/xbmc/Autorun.cpp
CMS,97,CMS_stream,,projects/openssl/crypto/cms/cms_io.c
j,94,jObj,,projects/azure-functions-core-tools/src/Azure.Functions.Cli/Actions/DeployActions/Platforms/KnativePlatform.cs
H,94,HKEY_CLASSES_ROOT,,projects/PowerShell/src/System.Management.Automation/namespaces/TransactedRegistryKey.cs
L,93,LStrLenW,,projects/xbmc/lib/libUPnP/Neptune/Source/System/WinRT/NptWinRtUtils.cpp
buf,87,bufDesc,,projects/xbmc/lib/win32/Effects11/EffectNonRuntime.cpp
OCSP,86,OCSP_sendreq_new,,projects/openssl/crypto/ocsp/ocsp_http.c
d,79,dP,,projects/xbmc/lib/libUPnP/Neptune/ThirdParty/axTLS/ssl/asn1.c
l,79,lLongValue,,projects/xbmc/xbmc/utils/XMLUtils.cpp
io,77,ioProc,,projects/xbmc/xbmc/cores/AudioEngine/Sinks/osx/CoreAudioDevice.h
V,75,Vloc,,projects/xbmc/xbmc/cores/VideoPlayer/VideoRenderers/LinuxRendererGLES.cpp
tx,74,txDesc,,projects/xbmc/xbmc/cores/VideoPlayer/VideoRenderers/VideoShaders/WinVideoFilter.cpp
NUM,67,NUM_DECALS,N,projects/libgdx/tests/gdx-tests/src/com/badlogic/gdx/tests/SimpleDecalTest.java
G,63,GUIDToString,,projects/xbmc/xbmc/cores/VideoPlayer/DVDCodecs/Video/DXVA.cpp
nnz,62,nnzA,,projects/tensorflow/tensorflow/core/kernels/sparse/sparse_mat_mul_op.cc
egl,61,eglString,,projects/xbmc/xbmc/utils/EGLImage.cpp
GLXEW,60,__GLXEW_VERSION_1_0,,projects/libgdx/extensions/gdx-bullet/jni/vs/Glut/GL/glxew.h
D,58,DcomParameterSet,,projects/PowerShell/src/Microsoft.Management.Infrastructure.CimCmdlets/CimCommandBase.cs
gdx,58,gdxCheckFilter,,projects/libgdx/extensions/gdx-bullet/jni/src/custom/gdx/collision/GdxCollisionObjectBridge.h
pstr,55,pstrName,,projects/xbmc/lib/win32/Effects11/EffectAPI.cpp
bvh,53,bvhData,,projects/libgdx/extensions/gdx-bullet/jni/src/extras/Serialize/BulletWorldImporter/btBulletWorldImporter.cpp
pv,52,pvRange,,projects/xbmc/lib/win32/Effects11/EffectLoad.cpp
o,49,oBase,,projects/xbmc/lib/win32/Effects11/EffectLoad.cpp
cch,49,cchMaxPath,,projects/PowerShell/src/Microsoft.PowerShell.ConsoleHost/WindowsTaskbarJumpList/ComInterfaces.cs
wmi,49,wmiClassName,,projects/PowerShell/src/Microsoft.PowerShell.Commands.Management/commands/management/CIMHelper.cs
u,48,uLen,,projects/xbmc/lib/win32/Effects11/Binary/SOParser.h
S,48,S1,,projects/xbmc/lib/libUPnP/Neptune/ThirdParty/axTLS/ssl/tls1.c
WGLEW,47,__WGLEW_3DFX_multisample,,projects/libgdx/extensions/gdx-bullet/jni/vs/Glut/GL/wglew.h
PEM,46,PEM_write_bio_ASN1_stream,,projects/openssl/crypto/asn1/asn_mime.c
U,44,UPnPError,,projects/xbmc/lib/libUPnP/Platinum/Source/Core/PltAction.cpp
Z,44,Z11,,projects/libgdx/extensions/gdx-bullet/jni/src/bullet/BulletDynamics/MLCPSolvers/btDantzigLCP.cpp
PJRT,44,PJRT_Error_Destroy,,projects/tensorflow/tensorflow/compiler/xla/pjrt/c/pjrt_c_api_wrapper_impl.cc
tex,40,texDesc,,projects/xbmc/xbmc/cores/VideoPlayer/VideoRenderers/windows/RendererDXVA.cpp
g,39,gSize,,projects/xbmc/xbmc/cores/VideoPlayer/VideoRenderers/ColorManager.cpp
t,39,tDesc,,projects/xbmc/xbmc/cores/VideoPlayer/VideoRenderers/windows/RendererBase.cpp
img,39,imgIdx,,projects/xbmc/tools/depends/native/TexturePacker/src/decoder/GifHelper.h
alloc,37,allocType,N,projects/xbmc/lib/libUPnP/Neptune/Source/Tests/Threads1/ThreadsTest1.cpp
SCT,37,SCT_signature_algorithms_print,,projects/openssl/crypto/ct/ct_prn.c
gwt,35,gwtInherits,,projects/libgdx/extensions/gdx-setup/src/com/badlogic/gdx/setup/ExternalExtension.java
bb,33,bbMin,,projects/libgdx/extensions/gdx-bullet/jni/src/bullet/BulletDynamics/Dynamics/btDiscreteDynamicsWorld.cpp
Gwt,31,GwtTestStarter,,projects/libgdx/tests/gdx-tests-gwt/src/com/badlogic/gdx/tests/gwt/client/GwtTestStarter.java
Q,27,Q11,,projects/libgdx/extensions/gdx-bullet/jni/src/bullet/BulletCollision/CollisionDispatch/btBoxBoxDetector.cpp
BW,25,BW_SEC,,projects/tor/src/test/test_bwmgt.c
E,24,ETag,,projects/PowerShell/src/Microsoft.PowerShell.Commands.Utility/commands/utility/WebCmdlet/CoreCLR/HttpKnownHeaderNames.cs
ossl,23,ossl_DER_w_algorithmIdentifier_EC,,projects/openssl/providers/common/der/der_ec_key.c
Bool,22,BoolConverter,,projects/PowerShell/src/System.Management.Automation/engine/TypeTable.cs
Sql,22,SqlDatasetOp,,projects/tensorflow/tensorflow/core/kernels/data/experimental/sql_dataset_op.cc
fs,21,fsStr,,projects/xbmc/xbmc/platform/android/storage/AndroidStorageProvider.cpp
ns,19,nsMgr,,projects/PowerShell/src/Microsoft.PowerShell.Security/security/CertificateProvider.cs
fsm,19,fsmEventArg,,projects/PowerShell/src/System.Management.Automation/engine/remoting/server/serverremotesessionstatemachine.cs
RST,17,RST_STREAM_Received_ContinuesAppsAwaitingConnectionOutputFlowControl,,projects/aspnetcore/src/Servers/Kestrel/test/InMemory.FunctionalTests/Http2/Http2ConnectionTests.cs
bool,14,boolSetting,,projects/xbmc/xbmc/peripherals/devices/Peripheral.cpp
HMAC,14,HMAC_loop,,projects/openssl/apps/speed.c
linux,12,linuxOSName,,projects/xbmc/xbmc/utils/SystemInfo.cpp
glu,11,__gluMultMatrixVecf,,projects/xbmc/xbmc/rendering/MatrixGL.cpp
WMI,10,WMI_Class_SystemRestore,,projects/PowerShell/src/Microsoft.PowerShell.Commands.Management/commands/management/Computer.cs
BOOL,9,BOOL_PROPERTY_NAME,,projects/libgdx/tests/gdx-tests/src/com/badlogic/gdx/tests/TiledMapAssetManagerTest.java
fc,9,fcA,,projects/libgdx/extensions/gdx-bullet/jni/src/bullet/BulletDynamics/Featherstone/btMultiBodyConstraintSolver.cpp
GLX,8,GLXGetWindow,,projects/xbmc/xbmc/windowing/X11/OptionalsReg.cpp
gc,8,_gcHandle,,projects/PowerShell/src/Microsoft.PowerShell.Commands.Management/cimSupport/cmdletization/cim/cimConverter.cs
CUDA,8,CUDAFftType,,projects/tensorflow/tensorflow/compiler/xla/stream_executor/cuda/cuda_fft.cc
cuda,8,__cudaRegisterFunction,,projects/tensorflow/tensorflow/tsl/cuda/cudart_stub.cc
fn,7,fnEntry,,projects/PowerShell/src/System.Management.Automation/engine/InitialSessionState.cs
ppi,7,ppiX,,projects/libgdx/backends/gdx-backend-android/src/com/badlogic/gdx/backends/android/AndroidGraphics.java
NN,7,NNGradTest,,projects/tensorflow/tensorflow/cc/gradients/nn_grad_test.cc
TRT,7,TRTEngineOp,,projects/tensorflow/tensorflow/compiler/tf2tensorrt/kernels/trt_engine_op.cc
FX,6,FXFlags,,projects/xbmc/lib/win32/Effects11/EffectAPI.cpp
nn,6,nnExprType,,projects/PowerShell/src/System.Management.Automation/engine/ComInterop/TypeUtils.cs
glfw,6,glfwImage,,projects/libgdx/backends/gdx-backend-lwjgl3/src/com/badlogic/gdx/backends/lwjgl3/Lwjgl3Cursor.java
Gcs,6,GcsRandomAccessFile,,projects/tensorflow/tensorflow/tsl/platform/cloud/gcs_file_system.cc
GCS,6,GCSFilesystemTest,,projects/tensorflow/tensorflow/c/experimental/filesystem/plugins/gcs/gcs_filesystem_test.cc
TXT,6,TXT_DB_read,,projects/openssl/crypto/txt_db/txt_db.c
BUF,6,BUF_MEM_new_ex,,projects/openssl/crypto/buffer/buffer.c
ppv,4,ppvObject,N,projects/PowerShell/src/Microsoft.PowerShell.ConsoleHost/WindowsTaskbarJumpList/ComInterfaces.cs
PNP,4,PNPDeviceID,,projects/PowerShell/src/Microsoft.PowerShell.Commands.Management/commands/management/GetComputerInfoCommand.cs
GC,4,GCInfoHealthCheckBuilderExtensions,,projects/aspnetcore/src/Middleware/HealthChecks/test/testassets/HealthChecksSample/GCInfoHealthCheck.cs
ocl,3,oclBuffer,N,projects/libgdx/tests/gdx-tests/src/com/badlogic/gdx/tests/bullet/OcclusionCuller.java
gcn,3,gcnArchName,,projects/tensorflow/tensorflow/compiler/xla/stream_executor/rocm/rocm_driver.cc
dh,3,dh_X9_42_kdf_derive,,projects/openssl/providers/implementations/exchange/dh_exch.c
Yaml,3,YamlHelper,,projects/DevToys/src/dev/impl/DevToys/Helpers/JsonYaml/YamlHelper.cs
rr,2,rrSortPredicate,,projects/xbmc/xbmc/windowing/WinSystem.cpp
HV,2,HV_PROTOCOL_RAW,,projects/PowerShell/src/System.Management.Automation/engine/remoting/common/RemoteSessionHyperVSocket.cs
Glfw,2,GlfwTest,,projects/libgdx/tests/gdx-tests-lwjgl3/src/com/badlogic/gdx/tests/lwjgl3/GlfwTest.java
Cuda,2,CudaArrayInterface,,projects/tensorflow/tensorflow/compiler/xla/python/py_buffer.cc
cstr,2,cstrBcastable,,projects/tensorflow/tensorflow/compiler/xla/mlir_hlo/lib/Dialect/mhlo/transforms/constraint_fusion_pass.cc
pz,2,pzName,N,projects/aspnetcore/src/Servers/IIS/AspNetCoreModuleV2/CommonLib/iapplication.h
ppp,2,pppPreviousNodeNextPointer,,projects/aspnetcore/src/Servers/IIS/AspNetCoreModuleV2/IISLib/hashtable.h
Stdin,2,StdinTerminal,N,projects/bitcoin/src/compat/stdin.cpp
Glx,1,GlxTest,,projects/xbmc/xbmc/windowing/X11/VideoSyncGLX.cpp
malloc,1,mallocFailed,,projects/xbmc/xbmc/dbwrappers/mysqldataset.cpp
ppq,1,ppqWarningConfigurations,,projects/PowerShell/src/Microsoft.WSMan.Management/ConfigProvider.cs
GLES,1,GLES30Test,,projects/libgdx/tests/gdx-tests/src/com/badlogic/gdx/tests/GLES30Test.java
OCL,1,OCL_BUFFER_EXTENTS,N,projects/libgdx/tests/gdx-tests/src/com/badlogic/gdx/tests/bullet/OcclusionCullingTest.java
OPENGL,1,OPENGL_BUFFER,,projects/libgdx/extensions/gdx-bullet/jni/swig-src/softbody/com/badlogic/gdx/physics/bullet/softbody/btVertexBufferDescriptor.java
JAVADOC,1,JAVADOC_TAG_PATTERN,N,projects/tensorflow/tensorflow/java/src/gen/java/org/tensorflow/processor/OperatorProcessor.java
aaop,1,aaopCstrs,,projects/tensorflow/tensorflow/compiler/xla/mlir_hlo/lib/Dialect/mhlo/transforms/constraint_fusion_pass.cc
Javadoc,1,JavadocTest,N,projects/junit4/src/test/java/org/junit/experimental/categories/JavadocTest.java
JAVAC,1,JAVAC_HAS_BUG_ERROR,N,projects/auto/value/src/it/functional/src/test/java/com/google/auto/value/AutoValueJava8Test.java
GRADLE,1,GRADLE_INSTALLATION,N,projects/auto/value/src/it/functional/src/test/java/com/google/auto/value/GradleTest.java
Gradle,1,GradleTest,N,projects/auto/value/src/it/functional/src/test/java/com/google/auto/value/GradleTest.java
yaml,1,yamlObject,N,projects/DevToys/src/dev/impl/DevToys/Helpers/JsonYaml/JsonHelper.cs
pcwz,4,pcwzDotnetExePath,,projects/aspnetcore/src/Servers/IIS/AspNetCoreModuleV2/CommonLib/HostFxrResolutionResult.cpp
cpch,3,cpchStr,,projects/aspnetcore/src/Servers/IIS/AspNetCoreModuleV2/IISLib/stringa.cpp
DFT,2,DFT_AddHandler_OnDataReady,,projects/PowerShell/src/System.Management.Automation/utils/ObjectStream.cs
TFR,2,TFRInlinerInterface,,projects/tensorflow/tensorflow/compiler/mlir/tfr/ir/tfr_ops.cc
cephes,2,cephes_LOG2EF,,projects/tensorflow/tensorflow/compiler/xla/service/cpu/llvm_ir_runtime.cc
stbi,2,stbi__YCbCr_to_RGB_row,,projects/libgdx/gdx/jni/gdx2d/stb_image.h
ESS,2,ESS_CERT_ID_new_init,,projects/openssl/crypto/ess/ess_lib.c
pz,2,pzName,,projects/aspnetcore/src/Servers/IIS/AspNetCoreModuleV2/CommonLib/iapplication.h
ppp,2,pppPreviousNodeNextPointer,,projects/aspnetcore/src/Servers/IIS/AspNetCoreModuleV2/IISLib/hashtable.h
ull,1,ullRawTimeSpan,,projects/aspnetcore/src/Servers/IIS/AspNetCoreModuleV2/RequestHandlerLib/requesthandler_config.cpp
DTL,7,DTLSv1_listen,,projects/openssl/ssl/d1_lib.c
URI,7,URI_IPMI,,projects/PowerShell/src/Microsoft.WSMan.Management/WsManHelper.cs
pem,8,pemString,N,projects/aspnetcore/src/Grpc/Interop/test/testassets/InteropClient/InteropClient.cs
hmac,9,_hmacAlgorithmHandle,,projects/aspnetcore/src/DataProtection/DataProtection/src/Cng/CbcAuthenticatedEncryptor.cs
RFC4648,9,RFC4648_Base16,,projects/DevToys/src/dev/impl/DevToys/Models/NumberBaseFormat.cs
Pbkdf,10,Pbkdf2,,projects/aspnetcore/src/DataProtection/Cryptography.KeyDerivation/src/KeyDerivation.cs
vals,10,vals_I,,projects/tensorflow/tensorflow/tools/android/test/jni/object_tracking/optical_flow.cc
dx,10,dxFormat,,projects/xbmc/xbmc/cores/RetroPlayer/rendering/VideoRenderers/RPWinRenderer.cpp
x509,12,_x509Certificate2,,projects/aspnetcore/src/Servers/Kestrel/Core/test/SniOptionsSelectorTests.cs
XBMC,12,XBMC_Run,,projects/xbmc/xbmc/platform/xbmc.cpp
ipc,13,_ipcMessagePrefix,,projects/aspnetcore/src/Components/WebView/WebView/src/IpcCommon.cs
SHA256,13,SHA256_Cached_Handle_No_HMAC,,projects/aspnetcore/src/DataProtection/Cryptography.Internal/test/Cng/CachedAlgorithmHandlesTests.cs
csharp,13,_csharpCompiler,,projects/aspnetcore/src/Mvc/Mvc.Razor.RuntimeCompilation/src/RuntimeViewCompiler.cs
pwz,13,pwzAspNetCoreFolderPath,,projects/aspnetcore/src/Servers/IIS/AspNetCoreModuleV2/CommonLib/GlobalVersionUtility.cpp
pch,13,pchNewline,,projects/aspnetcore/src/Servers/IIS/AspNetCoreModuleV2/OutOfProcessRequestHandler/forwardinghandler.cpp
javac,14,javacHandlesTypeAnnotationsCorrectly,,projects/auto/value/src/it/functional/src/test/java/com/google/auto/value/AutoValueJava8Test.java
svg,15,svgElement,,projects/aspnetcore/src/Components/test/E2ETest/Tests/SvgTest.cs
Nullable,15,NullableWrappers_NaN,,projects/aspnetcore/src/Grpc/JsonTranscoding/test/Microsoft.AspNetCore.Grpc.JsonTranscoding.Tests/ConverterTests/JsonConverterReadTests.cs
jdk,15,jdkMap,,projects/libgdx/gdx/test/com/badlogic/gdx/utils/MixedPutRemoveTest.java
ECDSA,16,ECDSA_sign_loop,,projects/openssl/apps/speed.c
pfn,16,pfnIDispatchInvoke,,projects/PowerShell/src/System.Management.Automation/engine/ComInterop/ComRuntimeHelpers.cs
RST,17,RST_STREAM_Received_ContinuesAppsAwaitingConnectionOutputFlowControl,,projects/aspnetcore/src/Servers/Kestrel/test/InMemory.FunctionalTests/Http2/Http2ConnectionTests.cs
Jax,17,JaxPmapFunction_tp_new,,projects/tensorflow/tensorflow/compiler/xla/python/pmap_lib.cc
PLT,18,PLT_Leak_AllocHook,,projects/xbmc/lib/libUPnP/Platinum/Source/Extras/PltLeaks.cpp
DSO,20,DSO_METHOD_openssl,,projects/openssl/crypto/dso/dso_openssl.c
GIM,21,GIM_ShapeRetriever,,projects/libgdx/extensions/gdx-bullet/jni/src/bullet/BulletCollision/Gimpact/btGImpactCollisionAlgorithm.cpp
ABSL,22,ABSL_GUARDED_BY,,projects/tensorflow/tensorflow/compiler/xla/util.h
ossl,23,ossl_DER_w_algorithmIdentifier_EC,,projects/openssl/providers/common/der/der_ec_key.c
DISP,23,DISP_E_UNKNOWNINTERFACE,,projects/PowerShell/src/System.Management.Automation/engine/ComInterop/ComHresults.cs
ASYNC,28,ASYNC_WAIT_CTX_new,,projects/openssl/crypto/async/async_wait.c
CLS,31,CLSID_DestinationList,,projects/PowerShell/src/Microsoft.PowerShell.ConsoleHost/WindowsTaskbarJumpList/TaskbarJumpList.cs
SCT,37,SCT_signature_algorithms_print,,projects/openssl/crypto/ct/ct_prn.c
PJRT,44,PJRT_Error_Destroy,,projects/tensorflow/tensorflow/compiler/xla/pjrt/c/pjrt_c_api_wrapper_impl.cc
AES,44,AES_xtime,,projects/xbmc/lib/libUPnP/Neptune/ThirdParty/axTLS/crypto/aes.c
PEM,46,PEM_write_bio_ASN1_stream,,projects/openssl/crypto/asn1/asn_mime.c
WGLEW,47,__WGLEW_3DFX_multisample,,projects/libgdx/extensions/gdx-bullet/jni/vs/Glut/GL/wglew.h
Xla,74,XlaCluster,,projects/tensorflow/tensorflow/cc/framework/scope_internal.h
tx,74,txDesc,,projects/xbmc/xbmc/cores/VideoPlayer/VideoRenderers/VideoShaders/WinVideoFilter.cpp
V,75,Vloc,,projects/xbmc/xbmc/cores/VideoPlayer/VideoRenderers/LinuxRendererGLES.cpp
mef,76,_mefProvider,,projects/DevToys/src/dev/impl/DevToys.OutOfProcService/Program.cs
Hlo,78,HloModuleFromProto,,projects/tensorflow/tensorflow/compiler/mlir/xla/transforms/mhlo_to_lhlo_with_xla.cc
WS,78,WSInstance,,projects/xbmc/xbmc/platform/posix/filesystem/SMBWSDiscoveryListener.cpp
d,79,dP,,projects/xbmc/lib/libUPnP/Neptune/ThirdParty/axTLS/ssl/asn1.c
X,79,XPhysicalAlloc,,projects/xbmc/xbmc/guilib/DirectXGraphics.cpp
l,79,lLongValue,,projects/xbmc/xbmc/utils/XMLUtils.cpp
jwt,81,jwtStore,N,projects/aspnetcore/src/Tools/dotnet-user-jwts/src/Commands/PrintCommand.cs
j,94,jObj,,projects/azure-functions-core-tools/src/Azure.Functions.Cli/Actions/DeployActions/Platforms/KnativePlatform.cs
Jwt,100,JwtAuthenticationSchemeSettings,N,projects/aspnetcore/src/Tools/dotnet-user-jwts/src/Helpers/JwtAuthenticationSchemeSettings.cs
vch,101,vchRet,N,projects/bitcoin/src/netgroup.cpp
PDH,112,PDH_CSTATUS_VALID_DATA,,projects/PowerShell/src/Microsoft.PowerShell.Commands.Diagnostics/PdhHelper.cs
cors,114,_corsOrigins,N,projects/azure-functions-core-tools/src/Azure.Functions.Cli/Actions/HostActions/Startup.cs
RSA,116,RSA_priv_key_new,,projects/xbmc/lib/libUPnP/Neptune/ThirdParty/axTLS/crypto/rsa.c
xf,118,xfA,,projects/libgdx/extensions/gdx-box2d/gdx-box2d/jni/Box2D/Collision/b2CollideEdge.cpp
wglew,118,__wglewSetStereoEmitterState3DL,,projects/libgdx/extensions/gdx-bullet/jni/vs/Glut/GL/wglew.h
mvc,124,mvcMiddlewareName,,projects/aspnetcore/src/Analyzers/Analyzers/test/MinimalStartupTest.cs
NPT,161,NPT_WinRtSharedVariable,,projects/xbmc/lib/libUPnP/Neptune/Source/System/WinRT/NptWinRtThreads.cpp
cb,208,cbEffectBuffer,,projects/xbmc/lib/win32/Effects11/EffectLoad.cpp
M,221,M3PAbortingWorkflowExecutionEvent,,projects/PowerShell/src/System.Management.Automation/utils/tracing/TracingGen.cs
mlir,221,mlirAsyncRuntimeAddRef,,projects/tensorflow/tensorflow/compiler/xla/mlir/utils/runtime/async_runtime_api.cc
js,223,jsArrayString,,projects/libgdx/backends/gdx-backends-gwt/src/com/badlogic/gdx/backends/gwt/GwtUtils.java
x,238,xID,,projects/xbmc/xbmc/utils/POUtils.h
s,264,s_ExternalFunction,,projects/xbmc/lib/libUPnP/Neptune/Source/Core/NptLogging.cpp
lp,307,lpBuf,,projects/xbmc/xbmc/platform/darwin/tvos/filesystem/TVOSFile.cpp
C,330,CdataSection,,projects/xbmc/lib/libUPnP/Neptune/Source/Core/NptXml.cpp
v,394,vRanges,,projects/xbmc/lib/win32/Effects11/EffectLoad.cpp
m,630,m_Value,,projects/xbmc/lib/win32/Effects11/Binary/EffectStateBase11.h
h,666,hFile,,projects/xbmc/lib/win32/Effects11/EffectAPI.cpp
bt,815,btLoop,,projects/libgdx/tests/gdx-tests/src/com/badlogic/gdx/tests/MusicTest.java
f,855,fValue,,projects/xbmc/lib/win32/Effects11/Binary/EffectBinaryFormat.h
n,1172,nChars,,projects/xbmc/lib/libUPnP/Neptune/Source/System/WinRT/NptWinRtUtils.cpp
b,1661,bGlobalMemberDataBlock,,projects/xbmc/lib/win32/Effects11/EffectLoad.cpp
k,1741,kPSNOfSystemProcess,,projects/xbmc/xbmc/platform/darwin/osx/powermanagement/CocoaPowerSyscall.cpp
i,2091,iMember,,projects/xbmc/lib/win32/Effects11/EffectLoad.cpp
p,3738,pString,,projects/xbmc/lib/win32/Effects11/EffectLoad.cpp
c,4737,cMemberDataBlocks,,projects/xbmc/lib/win32/Effects11/EffectLoad.cpp
TXT,6,TXT_DB_read,,projects/openssl/crypto/txt_db/txt_db.c
D3D,6,D3DX11CreateEffectFromMemory,,projects/xbmc/lib/win32/Effects11/EffectAPI.cpp